{
  "config": {
    "gap_lengths": [
      10,
      20,
      30
    ],
    "seeds": [
      1,
      2
    ],
    "memory_length": 6,
    "train_samples_per_gap": 1200,
    "test_samples_per_gap": 300,
    "batch_size": 64,
    "epochs": 20,
    "learning_rate": 0.001,
    "hidden_size": 64,
    "num_symbols": 8,
    "acc_threshold_critical_gap": 0.8,
    "device": "cpu"
  },
  "results": {
    "RNN": {
      "10": {
        "seed_token_accuracies": [
          0.11611111111111111,
          0.12611111111111112
        ],
        "seed_sequence_accuracies": [
          0.0,
          0.0
        ],
        "mean_token_accuracy": 0.12111111111111111,
        "std_token_accuracy": 0.0050000000000000044,
        "mean_sequence_accuracy": 0.0,
        "std_sequence_accuracy": 0.0,
        "mean_test_loss": 0.55229354818662,
        "mean_train_losses": [
          1.906009404659271,
          1.305229336420695,
          1.2191146739323933,
          1.1763589596748352,
          1.0548939351240794,
          0.8077434436480204,
          0.6610861269632975,
          0.6198006490866343,
          0.6013503261407216,
          0.5891754452387492,
          0.5809425767262777,
          0.5751689247290293,
          0.5700232342878977,
          0.5660210816065471,
          0.5623193371295929,
          0.5597139112154643,
          0.5575068585077921,
          0.5554993824164073,
          0.5543034398555755,
          0.5532497481505076
        ],
        "std_train_losses": [
          0.033878160317738826,
          0.0038359498977661444,
          0.004848949114481527,
          0.01399554491043098,
          0.09507847984631862,
          0.13477755387624102,
          0.0290217320124308,
          0.012899433374404912,
          0.00788065075874328,
          0.004912134806315138,
          0.003605674902598055,
          0.0033762904008229344,
          0.0022225272655486683,
          0.0014863657951355025,
          0.0010176901022593277,
          0.0010734279950460057,
          0.0008040014902750414,
          0.0005959626038869459,
          0.00023257136344906337,
          0.00022514144579571793
        ],
        "mean_epochs_to_threshold": null
      },
      "20": {
        "seed_token_accuracies": [
          0.10166666666666667,
          0.10944444444444444
        ],
        "seed_sequence_accuracies": [
          0.0,
          0.0
        ],
        "mean_token_accuracy": 0.10555555555555556,
        "std_token_accuracy": 0.003888888888888886,
        "mean_sequence_accuracy": 0.0,
        "std_sequence_accuracy": 0.0,
        "mean_test_loss": 0.40739042699337,
        "mean_train_losses": [
          1.7915391834576924,
          1.004040644566218,
          0.9421459933121998,
          0.9226036453247071,
          0.9103016173839569,
          0.89898033618927,
          0.8858690543969472,
          0.8564668607711792,
          0.8254679210980733,
          0.7659637029965719,
          0.7560785305500031,
          0.7642309228579203,
          0.6769245258967082,
          0.6117038615544637,
          0.502612101038297,
          0.44730133573214215,
          0.42498675068219505,
          0.4576221219698588,
          0.42614730179309845,
          0.411424840092659
        ],
        "std_train_losses": [
          0.034805476665496826,
          0.007223674853642836,
          0.002093059619267812,
          5.524953206381689e-06,
          0.002170772949854516,
          0.00467354536056519,
          0.009016073942184455,
          0.02878155628840129,
          0.0476695934931437,
          0.07884411176045736,
          0.1729793282349904,
          0.04358774979909258,
          0.020909625689188638,
          0.08524048328399658,
          0.04549322267373401,
          0.007283296982447313,
          0.0019431968530018995,
          0.0055234682559967,
          0.0028546573718388757,
          0.0012230608860651637
        ],
        "mean_epochs_to_threshold": null
      },
      "30": {
        "seed_token_accuracies": [
          0.0,
          0.0
        ],
        "seed_sequence_accuracies": [
          0.0,
          0.0
        ],
        "mean_token_accuracy": 0.0,
        "std_token_accuracy": 0.0,
        "mean_sequence_accuracy": 0.0,
        "std_sequence_accuracy": 0.0,
        "mean_test_loss": 0.460176505446434,
        "mean_train_losses": [
          1.7293744881947837,
          0.8194555405775705,
          0.7705070944627126,
          0.7527832448482514,
          0.7445533629258474,
          0.7381366630395254,
          0.7322241564591726,
          0.7262443033854167,
          0.7195135303338369,
          0.7055230164527893,
          0.7340888663132985,
          0.7023581945896149,
          0.668267496029536,
          0.6592498842875163,
          0.6764843853314717,
          0.6495141820112864,
          0.6481694606939952,
          0.6666809268792471,
          0.6322932302951814,
          0.5185198446114858
        ],
        "std_train_losses": [
          0.03442227681477872,
          0.007402602434158301,
          0.0030858202775319032,
          0.0016096373399098751,
          0.0006562920411427586,
          0.00035909930864969075,
          0.0014943913618723492,
          0.002811055978139243,
          0.004592034419377666,
          0.013076173464457164,
          0.022229830821355157,
          0.007455783287684092,
          0.012326554854710903,
          0.020527617931365982,
          0.008048152923584018,
          0.024134172995885217,
          0.005891854365666749,
          0.029589442809422828,
          0.026288183132807397,
          0.04157778064409892
        ],
        "mean_epochs_to_threshold": null
      }
    },
    "LSTM": {
      "10": {
        "seed_token_accuracies": [
          0.12944444444444445,
          0.12277777777777778
        ],
        "seed_sequence_accuracies": [
          0.0,
          0.0
        ],
        "mean_token_accuracy": 0.12611111111111112,
        "std_token_accuracy": 0.003333333333333334,
        "mean_sequence_accuracy": 0.0,
        "std_sequence_accuracy": 0.0,
        "mean_test_loss": 0.5666159268220265,
        "mean_train_losses": [
          2.1433633867899573,
          1.6422249110539755,
          1.3292550961176555,
          1.1904640666643778,
          0.8766430338223775,
          0.7389713029066722,
          0.6835746951897939,
          0.6528276348114014,
          0.639522571961085,
          0.621279197136561,
          0.6093425297737122,
          0.6006548074881235,
          0.5939753536383311,
          0.588418538570404,
          0.5837800093491872,
          0.5795698753992716,
          0.5758774650096894,
          0.572685911655426,
          0.569902777671814,
          0.5673717188835145
        ],
        "std_train_losses": [
          0.016728779474894262,
          0.027088554700215647,
          0.012949018478393581,
          0.004103243350982666,
          0.032470020453135184,
          0.028449654976526906,
          0.014819678068161035,
          0.009505340258280426,
          0.00021102070808409756,
          0.0021284123261769428,
          0.001910048325856506,
          0.0011803273359934363,
          0.0007980978488921764,
          0.0004264696439106874,
          0.0003299049536387155,
          0.00021946509679160453,
          2.7211904525759056e-05,
          6.525516510036411e-06,
          6.885369618736537e-05,
          0.00014365196228027788
        ],
        "mean_epochs_to_threshold": null
      },
      "20": {
        "seed_token_accuracies": [
          0.10722222222222222,
          0.1322222222222222
        ],
        "seed_sequence_accuracies": [
          0.0,
          0.0
        ],
        "mean_token_accuracy": 0.11972222222222222,
        "std_token_accuracy": 0.012499999999999997,
        "mean_sequence_accuracy": 0.0,
        "std_sequence_accuracy": 0.0,
        "mean_test_loss": 0.4230158007144928,